Average Temperature,Hour
22.50,2025-09-12 00:11:45
22.30,2025-09-12 01:43:45
22.20,2025-09-12 02:00:45
22.10,2025-09-12 03:02:46
22.00,2025-09-12 04:34:46
21.80,2025-09-12 05:46:46
21.90,2025-09-12 06:07:46
21.70,2025-09-12 07:02:46
21.80,2025-09-12 08:40:47
21.80,2025-09-12 09:56:47
22.10,2025-09-12 10:15:47
23.20,2025-09-12 11:39:48
24.30,2025-09-12 12:59:48
24.20,2025-09-12 13:01:48
25.50,2025-09-12 14:16:49
25.80,2025-09-12 15:15:49
25.10,2025-09-12 16:06:49
26.00,2025-09-12 17:01:49
24.60,2025-09-12 18:00:49
24.40,2025-09-12 19:18:50
24.30,2025-09-12 20:01:50
24.20,2025-09-12 21:01:50
23.40,2025-09-12 22:11:51
22.50,2025-09-12 23:00:51
23.00,2025-09-13 00:00:51
22.50,2025-09-13 01:10:52
21.80,2025-09-13 02:16:52
22.10,2025-09-13 03:00:52
21.90,2025-09-13 04:08:53
21.40,2025-09-13 05:18:53
20.70,2025-09-13 06:00:53
21.40,2025-09-13 07:00:53
21.40,2025-09-13 08:09:54
20.80,2025-09-13 09:18:54
22.40,2025-09-13 10:00:54
23.40,2025-09-13 11:17:54
23.50,2025-09-13 12:11:54
23.40,2025-09-13 13:17:55
24.90,2025-09-13 14:11:55
25.40,2025-09-13 15:19:55
25.70,2025-09-13 16:17:55
24.90,2025-09-13 17:00:56
24.60,2025-09-13 18:00:56
23.80,2025-09-13 19:10:57
22.50,2025-09-13 20:19:57
23.10,2025-09-13 21:00:57
22.90,2025-09-13 22:01:57
22.30,2025-09-13 23:10:57
21.90,2025-09-14 00:00:58
22.10,2025-09-14 01:03:58
21.70,2025-09-14 02:17:58
21.30,2025-09-14 03:18:59
21.40,2025-09-14 04:00:59
21.20,2025-09-14 05:00:59
20.90,2025-09-14 06:12:59
20.60,2025-09-14 07:01:00
20.80,2025-09-14 08:02:00
20.70,2025-09-14 09:11:00
20.60,2025-09-14 10:19:01
22.10,2025-09-14 11:00:01
21.80,2025-09-14 12:16:01
24.20,2025-09-14 13:19:01
23.90,2025-09-14 14:00:02
25.20,2025-09-14 15:15:02
25.40,2025-09-14 16:16:02
24.50,2025-09-14 17:20:02
24.90,2025-09-14 18:00:02
23.90,2025-09-14 19:00:03
23.30,2025-09-14 20:10:03
22.10,2025-09-14 21:00:04
22.40,2025-09-14 22:11:04
22.80,2025-09-14 23:14:04
22.10,2025-09-15 00:14:04
21.70,2025-09-15 01:00:04
22.10,2025-09-15 02:00:05
21.80,2025-09-15 03:13:05
21.40,2025-09-15 04:16:05
21.30,2025-09-15 05:00:06
21.60,2025-09-15 06:12:06
21.20,2025-09-15 07:08:06
21.40,2025-09-15 08:20:07
22.70,2025-09-15 09:00:07
23.40,2025-09-15 10:19:07
25.00,2025-09-15 11:20:07
25.00,2025-09-15 12:02:07
28.20,2025-09-15 14:14:08
28.40,2025-09-15 15:02:08
28.20,2025-09-15 16:16:09
27.80,2025-09-15 17:00:09
27.50,2025-09-15 18:00:09
26.50,2025-09-15 19:04:09
25.30,2025-09-15 20:20:10
25.60,2025-09-15 21:01:10
25.40,2025-09-15 22:09:10
25.00,2025-09-15 23:15:10
23.80,2025-09-16 00:00:11
24.40,2025-09-16 01:00:11
24.00,2025-09-16 02:18:11
23.50,2025-09-16 03:13:11
22.70,2025-09-16 04:00:11
23.10,2025-09-16 05:00:12
22.90,2025-09-16 06:00:12
22.50,2025-09-16 07:17:12
21.80,2025-09-16 08:01:12
22.50,2025-09-16 09:18:13
22.10,2025-09-16 10:00:13
23.60,2025-09-16 11:19:13
24.00,2025-09-16 12:20:13
26.10,2025-09-16 13:12:14
26.90,2025-09-16 14:14:14
27.30,2025-09-16 15:15:14
27.20,2025-09-16 16:00:15
26.70,2025-09-16 17:00:15
25.90,2025-09-16 18:00:15
24.80,2025-09-16 19:18:15
24.10,2025-09-16 20:00:16
24.40,2025-09-16 21:02:16
24.00,2025-09-16 22:13:16
23.20,2025-09-16 23:13:16
22.70,2025-09-17 00:00:17
22.40,2025-09-17 01:01:17
22.20,2025-09-17 02:15:17
21.70,2025-09-17 03:16:17
21.80,2025-09-17 04:00:17
21.80,2025-09-17 05:00:18
21.60,2025-09-17 06:05:19
21.20,2025-09-17 07:19:19
21.90,2025-09-17 08:02:19
22.90,2025-09-17 09:19:19
24.40,2025-09-17 10:15:20
25.30,2025-09-17 11:19:20
26.40,2025-09-17 12:02:20
27.70,2025-09-17 13:03:20
28.50,2025-09-17 14:09:20
28.80,2025-09-17 15:01:21
28.30,2025-09-17 16:00:21
27.60,2025-09-17 17:00:21
27.00,2025-09-17 18:04:22
26.10,2025-09-17 19:12:22
24.70,2025-09-17 20:00:22
25.30,2025-09-17 21:00:22
25.10,2025-09-17 22:09:23
24.50,2025-09-17 23:16:23
23.60,2025-09-18 00:00:23
24.30,2025-09-18 01:00:23
23.90,2025-09-18 02:13:24
23.40,2025-09-18 03:19:24
22.80,2025-09-18 04:00:24
23.30,2025-09-18 05:03:24
23.10,2025-09-18 06:13:25
22.70,2025-09-18 07:16:25
22.10,2025-09-18 08:00:25
23.00,2025-09-18 09:00:25
23.30,2025-09-18 10:12:25
23.90,2025-09-18 11:04:26
24.90,2025-09-18 12:09:26
26.30,2025-09-18 13:06:27
27.20,2025-09-18 14:19:27
27.50,2025-09-18 15:16:27
27.30,2025-09-18 16:00:27
27.50,2025-09-18 17:01:27
26.70,2025-09-18 18:09:28
25.30,2025-09-18 19:15:28
24.10,2025-09-18 20:01:28
24.50,2025-09-18 21:00:28
23.80,2025-09-18 22:01:29
23.40,2025-09-18 23:14:29
22.80,2025-09-19 00:00:29
23.20,2025-09-19 01:01:30
23.00,2025-09-19 02:09:30
22.70,2025-09-19 03:16:31
22.10,2025-09-19 04:00:31
22.50,2025-09-19 05:00:32
22.30,2025-09-19 06:19:32
22.00,2025-09-19 07:20:32
21.50,2025-09-19 08:00:32
22.60,2025-09-19 09:07:33
23.00,2025-09-19 10:17:33
23.50,2025-09-19 11:18:33
23.10,2025-09-19 12:00:33
23.90,2025-09-19 13:11:34
24.60,2025-09-19 14:14:34
26.10,2025-09-19 15:17:34
25.10,2025-09-19 16:00:35
25.70,2025-09-19 17:01:35
25.20,2025-09-19 18:00:35
23.80,2025-09-19 19:18:35
22.90,2025-09-19 20:00:35
23.50,2025-09-19 21:00:36
23.70,2025-09-19 22:18:36
24.30,2025-09-19 23:17:36
23.30,2025-09-20 00:00:37
24.00,2025-09-20 01:01:37
23.90,2025-09-20 02:14:37
23.00,2025-09-20 03:16:37
22.70,2025-09-20 04:00:37
22.80,2025-09-20 05:11:38
22.50,2025-09-20 06:19:38
22.00,2025-09-20 07:15:38
22.30,2025-09-20 08:01:38
23.30,2025-09-20 09:17:39
25.30,2025-09-20 10:16:39
25.40,2025-09-20 11:17:40
25.80,2025-09-20 12:00:40
27.10,2025-09-20 13:13:40
28.00,2025-09-20 14:15:40
27.90,2025-09-20 15:18:41
27.30,2025-09-20 16:00:41
27.00,2025-09-20 17:00:41
26.60,2025-09-20 18:00:41
25.20,2025-09-20 19:18:41
25.10,2025-09-20 20:00:42
25.00,2025-09-20 21:00:42
24.50,2025-09-20 22:11:42
24.70,2025-09-20 23:19:43
24.60,2025-09-21 00:00:43
24.60,2025-09-21 01:01:43
24.10,2025-09-21 02:16:43
23.10,2025-09-21 03:15:44
23.30,2025-09-21 04:00:44
22.90,2025-09-21 05:09:44
22.40,2025-09-21 06:04:45
21.90,2025-09-21 07:19:45
22.30,2025-09-21 08:04:45
22.80,2025-09-21 09:17:45
23.90,2025-09-21 10:14:46
24.20,2025-09-21 11:13:46
23.90,2025-09-21 12:00:46
25.40,2025-09-21 13:14:46
26.80,2025-09-21 14:10:46
27.60,2025-09-21 15:16:47
27.50,2025-09-21 16:00:47
27.30,2025-09-21 17:00:47
26.80,2025-09-21 18:03:48
26.00,2025-09-21 19:03:48
26.00,2025-09-21 20:11:48
25.00,2025-09-21 21:19:49
24.20,2025-09-21 22:19:49
23.30,2025-09-21 23:00:49
23.10,2025-09-22 00:00:49
23.90,2025-09-22 01:04:49
23.50,2025-09-22 02:09:50
23.30,2025-09-22 03:17:50
22.80,2025-09-22 04:15:50
22.40,2025-09-22 05:13:50
21.80,2025-09-22 06:18:51
21.90,2025-09-22 07:00:51
22.30,2025-09-22 08:08:51
23.10,2025-09-22 09:18:52
23.90,2025-09-22 10:11:52
24.80,2025-09-22 11:17:52
25.80,2025-09-22 12:19:52
26.10,2025-09-22 13:19:53
26.90,2025-09-22 14:00:53
26.70,2025-09-22 15:00:53
26.30,2025-09-22 16:01:53
25.30,2025-09-22 17:18:54
25.40,2025-09-22 18:00:54
25.00,2025-09-22 19:15:54
24.20,2025-09-22 20:17:55
23.40,2025-09-22 21:00:55
23.70,2025-09-22 22:00:55
23.30,2025-09-22 23:00:55
23.10,2025-09-23 00:08:56
22.70,2025-09-23 01:12:56
22.40,2025-09-23 02:19:56
21.90,2025-09-23 03:19:56
21.30,2025-09-23 04:00:57
22.10,2025-09-23 05:01:57
22.00,2025-09-23 06:11:57
21.80,2025-09-23 07:11:57
21.70,2025-09-23 08:15:57
21.70,2025-09-23 09:19:58
22.60,2025-09-23 10:19:58
22.90,2025-09-23 11:13:59
24.80,2025-09-23 12:00:59
26.50,2025-09-23 13:09:59
26.90,2025-09-23 14:12:00
27.00,2025-09-23 15:03:01
26.80,2025-09-23 16:02:01
26.40,2025-09-23 17:02:01
25.50,2025-09-23 18:14:02
24.20,2025-09-23 19:00:02
24.40,2025-09-23 20:00:03
23.80,2025-09-23 21:00:03
23.50,2025-09-23 22:00:03
23.10,2025-09-23 23:17:04
22.50,2025-09-24 00:19:04
21.80,2025-09-24 01:19:04
22.40,2025-09-24 02:00:05
22.20,2025-09-24 03:04:05
22.00,2025-09-24 04:08:05
21.80,2025-09-24 05:16:05
21.30,2025-09-24 06:17:06
20.70,2025-09-24 07:00:07
21.30,2025-09-24 08:00:07
21.60,2025-09-24 09:08:07
22.20,2025-09-24 10:13:07
22.70,2025-09-24 11:00:08
24.40,2025-09-24 12:20:09
25.40,2025-09-24 13:20:09
26.80,2025-09-24 14:00:09
27.20,2025-09-24 15:14:10
27.20,2025-09-24 16:00:11
26.50,2025-09-24 17:00:11
25.20,2025-09-24 18:16:11
24.80,2025-09-24 19:18:12
24.50,2025-09-24 20:00:12
24.20,2025-09-24 21:00:12
23.90,2025-09-24 22:08:12
23.20,2025-09-24 23:11:13
22.60,2025-09-25 00:16:13
21.70,2025-09-25 01:19:13
22.00,2025-09-25 02:00:13
21.50,2025-09-25 03:12:14
21.50,2025-09-25 04:20:14
21.00,2025-09-25 05:12:14
20.70,2025-09-25 06:17:15
20.60,2025-09-25 07:00:15
20.90,2025-09-25 08:00:16
20.90,2025-09-25 09:14:16
21.30,2025-09-25 10:19:16
22.30,2025-09-25 11:19:17
23.80,2025-09-25 12:16:17
25.40,2025-09-25 13:17:18
26.80,2025-09-25 14:11:18
26.90,2025-09-25 15:18:19
26.90,2025-09-25 16:11:19
26.40,2025-09-25 17:19:19
25.60,2025-09-25 18:19:20
25.40,2025-09-25 19:00:20
25.00,2025-09-25 20:00:21
24.50,2025-09-25 21:01:21
23.90,2025-09-25 22:13:21
23.30,2025-09-25 23:15:22
22.60,2025-09-26 00:00:22
23.00,2025-09-26 01:00:22
22.90,2025-09-26 02:01:22
22.70,2025-09-26 03:13:23
22.30,2025-09-26 04:12:24
22.00,2025-09-26 05:20:24
21.40,2025-09-26 06:03:24
21.90,2025-09-26 07:00:24
22.00,2025-09-26 08:13:25
21.50,2025-09-26 09:18:26
22.70,2025-09-26 10:19:26
25.00,2025-09-26 11:20:26
25.20,2025-09-26 12:00:26
26.70,2025-09-26 13:01:27
27.30,2025-09-26 14:01:27
27.60,2025-09-26 15:00:27
27.50,2025-09-26 16:14:27
27.10,2025-09-26 17:15:28
25.60,2025-09-26 18:00:28
25.60,2025-09-26 19:00:28
25.30,2025-09-26 20:02:29
24.80,2025-09-26 21:01:29
24.70,2025-09-26 22:03:29
24.00,2025-09-26 23:17:29
23.10,2025-09-27 00:20:29
22.90,2025-09-27 01:01:30
23.10,2025-09-27 02:00:30
22.90,2025-09-27 03:02:30
22.40,2025-09-27 04:12:30
22.10,2025-09-27 05:12:31
21.70,2025-09-27 06:18:31
23.10,2025-09-27 07:19:32
22.90,2025-09-27 08:19:32
23.60,2025-09-27 09:15:32
24.50,2025-09-27 10:19:33
25.40,2025-09-27 11:12:33
27.00,2025-09-27 12:17:29
28.30,2025-09-27 13:16:29
29.10,2025-09-27 14:04:29
29.50,2025-09-27 15:00:29
29.30,2025-09-27 16:00:30
29.00,2025-09-27 17:15:31
27.90,2025-09-27 18:00:31
26.90,2025-09-27 19:00:32
26.00,2025-09-27 20:00:32
25.50,2025-09-27 21:00:32
25.50,2025-09-27 22:15:33
26.10,2025-09-27 23:14:33
26.10,2025-09-28 00:00:33
26.10,2025-09-28 01:04:34
25.90,2025-09-28 02:04:34
25.30,2025-09-28 03:10:35
24.70,2025-09-28 04:13:35
24.20,2025-09-28 05:00:35
24.10,2025-09-28 06:00:35
24.10,2025-09-28 07:00:36
24.00,2025-09-28 08:09:36
25.50,2025-09-28 09:20:36
26.60,2025-09-28 10:16:36
27.60,2025-09-28 11:09:37
28.10,2025-09-28 12:11:37
29.10,2025-09-28 13:19:37
32.80,2025-09-28 14:18:38
33.20,2025-09-28 15:02:38
33.30,2025-09-28 16:00:38
33.10,2025-09-28 17:01:38
32.90,2025-09-28 18:00:39
32.50,2025-09-28 19:00:40
32.20,2025-09-28 20:00:40
32.00,2025-09-28 21:00:40
32.50,2025-09-28 22:00:40
32.50,2025-09-28 23:00:41
32.30,2025-09-29 00:00:41
32.10,2025-09-29 01:00:41
32.00,2025-09-29 02:00:41
31.90,2025-09-29 03:00:41
31.80,2025-09-29 04:02:42
31.70,2025-09-29 05:00:43
32.20,2025-09-29 06:12:43
32.30,2025-09-29 07:01:43
32.30,2025-09-29 08:02:43
32.20,2025-09-29 09:00:43
33.00,2025-09-29 10:17:43
34.00,2025-09-29 11:14:44
34.80,2025-09-29 12:14:44
35.40,2025-09-29 13:18:44
35.80,2025-09-29 14:20:44
35.40,2025-09-29 15:01:44
35.20,2025-09-29 16:00:45
35.10,2025-09-29 17:00:45
35.10,2025-09-29 18:02:45
34.70,2025-09-29 19:00:45
34.30,2025-09-29 20:08:46
33.90,2025-09-29 21:00:46
33.60,2025-09-29 22:00:46
34.40,2025-09-29 23:19:46
33.90,2025-09-30 00:00:47
33.10,2025-09-30 01:00:47
32.90,2025-09-30 02:00:48
32.70,2025-09-30 03:14:48
32.50,2025-09-30 04:00:48
32.30,2025-09-30 05:00:48
32.00,2025-09-30 06:00:04
32.40,2025-09-30 07:16:05
31.20,2025-09-30 08:00:05
30.90,2025-09-30 09:00:05
30.90,2025-09-30 10:00:05
26.00,2025-09-30 11:00:05
26.00,2025-09-30 13:48:33
25.90,2025-09-30 14:13:33
28.90,2025-09-30 15:19:34
33.10,2025-09-30 16:19:48
33.40,2025-09-30 17:11:48
33.50,2025-09-30 18:00:48
33.20,2025-09-30 19:01:48
33.70,2025-09-30 20:19:49
33.80,2025-09-30 21:03:49
33.60,2025-09-30 22:00:49
33.50,2025-09-30 23:01:49
33.50,2025-10-01 00:01:49
33.50,2025-10-01 01:10:49
33.50,2025-10-01 02:00:50
33.30,2025-10-01 03:00:50
33.20,2025-10-01 04:05:50
33.50,2025-10-01 05:00:50
32.90,2025-10-01 06:00:50
32.60,2025-10-01 07:00:51
32.40,2025-10-01 08:09:51
32.40,2025-10-01 09:00:52
32.50,2025-10-01 10:01:52
27.40,2025-10-01 11:00:52
28.60,2025-10-01 12:17:52
29.10,2025-10-01 13:00:52
29.70,2025-10-01 14:06:53
30.00,2025-10-01 15:02:53
29.70,2025-10-01 16:00:53
29.20,2025-10-01 17:00:53
28.20,2025-10-01 18:00:55
27.40,2025-10-01 19:00:55
26.70,2025-10-01 20:03:55
27.00,2025-10-01 21:19:55
26.70,2025-10-01 22:00:55
26.60,2025-10-01 23:00:56
26.40,2025-10-02 00:00:56
26.10,2025-10-02 01:00:56
25.80,2025-10-02 02:13:56
25.50,2025-10-02 03:18:57
25.10,2025-10-02 04:00:57
25.00,2025-10-02 05:00:57
25.00,2025-10-02 06:00:58
25.00,2025-10-02 07:01:58
24.90,2025-10-02 08:13:58
25.10,2025-10-02 09:19:58
25.30,2025-10-02 10:16:59
26.90,2025-10-02 11:17:59
28.20,2025-10-02 12:17:59
29.10,2025-10-02 13:18:59
29.80,2025-10-02 14:02:59
29.90,2025-10-02 15:03:59
29.70,2025-10-02 16:00:59
29.50,2025-10-02 17:00:59
28.60,2025-10-02 18:00:00
27.70,2025-10-02 19:00:00
27.20,2025-10-02 20:00:00
26.90,2025-10-02 21:00:00
26.60,2025-10-02 22:07:00
26.70,2025-10-02 23:18:00
26.40,2025-10-03 00:02:01
26.20,2025-10-03 01:01:01
26.00,2025-10-03 02:00:01
25.90,2025-10-03 03:00:01
25.70,2025-10-03 04:06:02
25.40,2025-10-03 05:12:02
24.90,2025-10-03 06:17:02
25.00,2025-10-03 07:01:02
24.90,2025-10-03 08:00:02
25.10,2025-10-03 09:01:02
25.40,2025-10-03 10:15:02
26.40,2025-10-03 11:15:02
27.40,2025-10-03 12:20:03
28.70,2025-10-03 13:19:03
29.40,2025-10-03 14:15:03
29.50,2025-10-03 15:01:03
29.40,2025-10-03 16:00:03
28.80,2025-10-03 17:00:12
27.20,2025-10-03 18:00:59
25.90,2025-10-03 19:00:00
24.80,2025-10-03 20:00:00
24.50,2025-10-03 21:00:00
23.70,2025-10-03 22:06:00
23.20,2025-10-03 23:13:00
22.60,2025-10-04 00:20:00
22.40,2025-10-04 01:01:00
22.70,2025-10-04 02:01:00
22.30,2025-10-04 03:04:00
22.30,2025-10-04 04:11:00
22.40,2025-10-04 05:12:01
22.10,2025-10-04 06:19:01
21.60,2025-10-04 07:00:01
22.10,2025-10-04 08:03:01
22.10,2025-10-04 09:00:01
22.30,2025-10-04 10:10:01
23.00,2025-10-04 11:16:01
24.30,2025-10-04 12:20:01
25.60,2025-10-04 13:17:02
26.60,2025-10-04 14:05:02
26.40,2025-10-04 15:01:02
27.40,2025-10-04 16:04:02
27.00,2025-10-04 17:00:02
25.70,2025-10-04 18:00:02
24.50,2025-10-04 19:15:02
23.60,2025-10-04 20:17:02
23.30,2025-10-04 21:00:03
23.20,2025-10-04 22:00:03
23.10,2025-10-04 23:07:03
22.90,2025-10-05 00:19:04
22.60,2025-10-05 01:08:04
22.40,2025-10-05 02:18:04
21.90,2025-10-05 03:01:04
22.20,2025-10-05 04:00:04
22.10,2025-10-05 05:07:04
22.20,2025-10-05 06:15:04
21.90,2025-10-05 07:08:05
22.10,2025-10-05 08:19:05
22.40,2025-10-05 09:20:05
24.90,2025-10-05 10:01:05
26.20,2025-10-05 11:12:05
27.60,2025-10-05 12:16:05
28.70,2025-10-05 13:07:44
27.80,2025-10-05 14:09:44
28.50,2025-10-05 15:08:44
27.90,2025-10-05 16:01:44
27.20,2025-10-05 17:00:45
26.70,2025-10-05 18:00:45
25.60,2025-10-05 19:00:45
25.00,2025-10-05 20:00:45
24.70,2025-10-05 21:16:45
23.90,2025-10-05 22:19:45
23.10,2025-10-05 23:00:45
23.30,2025-10-06 00:00:45
23.10,2025-10-06 01:00:45
22.70,2025-10-06 02:00:45
22.30,2025-10-06 03:12:45
22.00,2025-10-06 04:19:46
21.50,2025-10-06 05:00:46
22.20,2025-10-06 06:01:46
22.10,2025-10-06 07:00:46
22.60,2025-10-06 08:20:28
23.90,2025-10-06 09:19:28
25.60,2025-10-06 10:19:29
26.30,2025-10-06 11:20:43
27.90,2025-10-06 12:18:43
28.80,2025-10-06 13:19:43
28.70,2025-10-06 14:13:43
28.70,2025-10-06 15:00:43
28.50,2025-10-06 16:00:44
27.90,2025-10-06 17:05:44
27.00,2025-10-06 18:00:44
26.00,2025-10-06 19:00:44
25.70,2025-10-06 20:00:44
25.10,2025-10-06 21:05:44
24.40,2025-10-06 22:07:45
23.90,2025-10-06 23:14:45
23.20,2025-10-07 00:19:45
22.50,2025-10-07 01:00:45
22.90,2025-10-07 02:00:45
22.70,2025-10-07 03:06:47
22.80,2025-10-07 04:15:47
22.40,2025-10-07 05:08:47
22.00,2025-10-07 06:15:47
21.50,2025-10-07 07:00:47
22.20,2025-10-07 08:00:47
23.00,2025-10-07 09:14:48
24.20,2025-10-07 10:18:48
25.00,2025-10-07 11:05:48
25.60,2025-10-07 12:19:48
26.00,2025-10-07 13:08:48
26.40,2025-10-07 14:00:48
27.10,2025-10-07 15:15:48
27.40,2025-10-07 16:16:49
27.60,2025-10-07 17:11:49
26.40,2025-10-07 18:00:49
24.90,2025-10-07 19:00:49
24.20,2025-10-07 20:00:49
23.70,2025-10-07 21:01:50
24.10,2025-10-07 22:09:50
23.40,2025-10-07 23:17:51
22.40,2025-10-08 00:02:51
22.10,2025-10-08 01:00:51
22.90,2025-10-08 02:00:51
22.80,2025-10-08 03:09:51
22.50,2025-10-08 04:15:52
22.20,2025-10-08 05:17:52
21.60,2025-10-08 06:17:52
21.50,2025-10-08 07:00:55
22.30,2025-10-08 08:06:55
22.40,2025-10-08 09:02:55
23.90,2025-10-08 10:15:56
25.20,2025-10-08 11:16:56
25.40,2025-10-08 12:19:56
26.50,2025-10-08 13:00:56
27.50,2025-10-08 14:12:56
27.90,2025-10-08 15:14:56
27.90,2025-10-08 16:16:56
27.40,2025-10-08 17:16:57
26.90,2025-10-08 18:00:57
26.80,2025-10-08 19:00:57
26.30,2025-10-08 20:05:57
25.50,2025-10-08 21:13:57
24.60,2025-10-08 22:18:57
23.90,2025-10-08 23:00:57
24.20,2025-10-09 00:01:57
23.80,2025-10-09 01:16:58
23.20,2025-10-09 02:19:58
22.60,2025-10-09 03:00:58
23.10,2025-10-09 04:00:58
23.00,2025-10-09 05:19:58
22.70,2025-10-09 06:12:58
22.40,2025-10-09 07:18:58
22.40,2025-10-09 08:01:58
23.10,2025-10-09 09:09:58
24.10,2025-10-09 10:17:59
25.40,2025-10-09 11:20:59
26.50,2025-10-09 12:07:59
27.20,2025-10-09 13:01:59
28.00,2025-10-09 14:15:43
28.60,2025-10-09 15:08:43
28.20,2025-10-09 16:00:43
28.10,2025-10-09 17:04:43
27.10,2025-10-09 18:06:43
26.20,2025-10-09 19:00:43
26.20,2025-10-09 20:15:43
25.20,2025-10-09 21:17:43
25.20,2025-10-09 22:00:43
24.90,2025-10-09 23:14:44
24.70,2025-10-10 00:12:44
24.10,2025-10-10 01:20:44
23.20,2025-10-10 02:01:44
23.70,2025-10-10 03:07:44
23.40,2025-10-10 04:12:44
22.90,2025-10-10 05:15:45
22.40,2025-10-10 06:00:45
23.10,2025-10-10 07:06:45
23.30,2025-10-10 08:08:45
24.80,2025-10-10 09:14:45
24.50,2025-10-10 10:18:45
26.70,2025-10-10 11:05:45
28.00,2025-10-10 12:16:45
28.80,2025-10-10 13:18:45
29.50,2025-10-10 14:17:46
29.70,2025-10-10 15:13:47
29.70,2025-10-10 16:00:47
29.00,2025-10-10 17:02:47
28.10,2025-10-10 18:08:47
26.90,2025-10-10 19:19:47
27.50,2025-10-10 20:00:47
26.60,2025-10-10 21:00:47
25.90,2025-10-10 22:13:48
25.40,2025-10-10 23:19:48
24.50,2025-10-11 00:00:48
25.10,2025-10-11 01:01:48
24.80,2025-10-11 02:12:48
24.50,2025-10-11 03:14:48
23.70,2025-10-11 04:19:48
24.20,2025-10-11 05:01:48
24.20,2025-10-11 06:00:53
23.50,2025-10-11 07:00:53
23.80,2025-10-11 08:19:29
24.70,2025-10-11 09:00:29
27.10,2025-10-11 10:14:15
28.20,2025-10-11 11:14:15
29.40,2025-10-11 12:13:15
30.10,2025-10-11 13:19:15
30.70,2025-10-11 14:08:15
31.10,2025-10-11 15:17:15
30.80,2025-10-11 16:00:16
30.00,2025-10-11 17:00:16
28.30,2025-10-11 18:02:16
27.50,2025-10-11 19:00:16
26.40,2025-10-11 20:00:16
25.80,2025-10-11 21:17:17
25.20,2025-10-11 22:20:17
25.70,2025-10-11 23:00:17
25.30,2025-10-12 00:08:17
24.60,2025-10-12 01:19:18
23.90,2025-10-12 02:19:18
23.60,2025-10-12 03:00:18
23.60,2025-10-12 04:00:18
23.60,2025-10-12 05:15:18
23.10,2025-10-12 06:15:18
22.60,2025-10-12 07:00:18
23.30,2025-10-12 08:13:19
23.30,2025-10-12 09:12:19
23.70,2025-10-12 10:19:19
25.20,2025-10-12 11:18:19
27.20,2025-10-12 12:08:19
28.30,2025-10-12 13:19:19
28.80,2025-10-12 14:08:19
29.20,2025-10-12 15:14:19
29.50,2025-10-12 16:01:19
29.10,2025-10-12 17:00:19
28.40,2025-10-12 18:03:37
27.20,2025-10-12 19:02:38
26.30,2025-10-12 20:15:38
24.90,2025-10-12 21:20:38
24.90,2025-10-12 22:00:38
25.10,2025-10-12 23:04:38
24.70,2025-10-13 00:18:38
24.30,2025-10-13 01:16:38
23.80,2025-10-13 02:19:39
23.60,2025-10-13 03:00:39
24.00,2025-10-13 04:00:39
24.00,2025-10-13 05:05:39
23.80,2025-10-13 06:14:39
23.10,2025-10-13 07:19:39
23.50,2025-10-13 08:00:39
23.60,2025-10-13 09:03:39
25.70,2025-10-13 10:19:40
27.20,2025-10-13 11:18:40
28.00,2025-10-13 12:18:40
29.30,2025-10-13 13:18:40
30.00,2025-10-13 14:08:40
30.20,2025-10-13 15:00:40
29.90,2025-10-13 16:00:40
29.40,2025-10-13 17:03:40
28.20,2025-10-13 18:00:40
27.60,2025-10-13 19:00:40
26.30,2025-10-13 20:00:40
25.70,2025-10-13 21:08:40
24.70,2025-10-13 22:17:40
25.10,2025-10-13 23:00:40
25.00,2025-10-14 00:00:40
24.40,2025-10-14 01:16:41
23.90,2025-10-14 02:17:41
23.00,2025-10-14 03:00:41
23.60,2025-10-14 04:01:41
23.30,2025-10-14 05:00:41
23.00,2025-10-14 06:15:41
22.10,2025-10-14 07:20:41
23.60,2025-10-14 08:18:41
25.30,2025-10-14 09:18:41
26.20,2025-10-14 10:15:41
26.70,2025-10-14 11:16:41
28.30,2025-10-14 12:11:41
29.30,2025-10-14 13:11:41
29.60,2025-10-14 14:00:42
29.90,2025-10-14 15:06:42
29.80,2025-10-14 16:07:42
29.10,2025-10-14 17:00:42
28.40,2025-10-14 18:00:42
26.90,2025-10-14 19:00:42
25.70,2025-10-14 20:17:42
24.60,2025-10-14 21:00:42
25.10,2025-10-14 22:00:42
24.70,2025-10-14 23:10:42
24.20,2025-10-15 00:17:42
23.20,2025-10-15 01:00:43
23.60,2025-10-15 02:00:43
23.40,2025-10-15 03:00:43
23.20,2025-10-15 04:12:43
22.50,2025-10-15 05:18:43
22.90,2025-10-15 06:01:44
22.80,2025-10-15 07:16:44
22.80,2025-10-15 08:16:44
24.40,2025-10-15 09:19:44
25.50,2025-10-15 10:18:44
26.40,2025-10-15 11:00:44
28.50,2025-10-15 12:18:44
29.70,2025-10-15 13:16:44
30.50,2025-10-15 14:09:44
30.30,2025-10-15 15:00:44
29.70,2025-10-15 16:00:44
29.00,2025-10-15 17:00:44
28.50,2025-10-15 18:00:45
27.30,2025-10-15 19:15:06
26.00,2025-10-15 20:20:06
26.00,2025-10-15 21:00:06
25.50,2025-10-15 22:01:06
25.30,2025-10-15 23:10:06
24.40,2025-10-16 00:17:06
23.40,2025-10-16 01:00:06
24.00,2025-10-16 02:03:06
23.70,2025-10-16 03:12:07
23.40,2025-10-16 04:17:07
22.80,2025-10-16 05:16:07
23.00,2025-10-16 06:00:07
22.90,2025-10-16 07:03:07
22.80,2025-10-16 08:19:07
24.10,2025-10-16 09:14:07
24.80,2025-10-16 10:20:07
26.40,2025-10-16 11:08:07
27.90,2025-10-16 12:17:07
28.40,2025-10-16 13:01:07
28.90,2025-10-16 14:14:08
29.00,2025-10-16 15:00:08
28.60,2025-10-16 16:00:08
28.10,2025-10-16 17:19:08
28.10,2025-10-16 18:00:08
27.30,2025-10-16 19:14:08
26.00,2025-10-16 20:00:08
26.40,2025-10-16 21:00:08
26.00,2025-10-16 22:01:08
25.60,2025-10-16 23:14:09
24.80,2025-10-17 00:20:09
24.80,2025-10-17 01:00:09
24.50,2025-10-17 02:12:09
24.00,2025-10-17 03:03:09
23.60,2025-10-17 04:19:09
22.90,2025-10-17 05:00:10
23.50,2025-10-17 06:00:10
23.20,2025-10-17 07:02:11
23.30,2025-10-17 08:18:11
23.20,2025-10-17 09:20:11
23.90,2025-10-17 10:00:11
26.20,2025-10-17 11:14:11
26.80,2025-10-17 12:15:11
27.60,2025-10-17 13:15:11
27.40,2025-10-17 14:17:11
28.40,2025-10-17 15:01:11
27.90,2025-10-17 16:00:12
27.60,2025-10-17 17:00:12
27.00,2025-10-17 18:19:12
26.80,2025-10-17 19:00:12
26.30,2025-10-17 20:11:12
26.00,2025-10-17 21:00:12
25.10,2025-10-17 22:06:12
24.10,2025-10-17 23:00:12
24.70,2025-10-18 00:02:13
24.60,2025-10-18 01:01:13
24.10,2025-10-18 02:03:13
23.60,2025-10-18 03:15:13
23.10,2025-10-18 04:00:13
23.70,2025-10-18 05:08:14
23.40,2025-10-18 06:06:14
23.00,2025-10-18 07:15:14
23.70,2025-10-18 08:20:14
25.10,2025-10-18 09:04:14
26.10,2025-10-18 10:06:14
25.90,2025-10-18 11:04:15
26.90,2025-10-18 12:17:15
27.80,2025-10-18 13:11:15
28.70,2025-10-18 14:02:15
28.90,2025-10-18 15:00:15
28.50,2025-10-18 16:00:16
27.70,2025-10-18 17:00:16
26.80,2025-10-18 18:00:17
26.40,2025-10-18 19:01:17
26.10,2025-10-18 20:14:17
25.60,2025-10-18 21:16:17
24.50,2025-10-18 22:11:17
24.90,2025-10-18 23:03:18
24.40,2025-10-19 00:01:18
23.50,2025-10-19 01:04:18
23.50,2025-10-19 02:20:18
23.60,2025-10-19 03:01:18
23.60,2025-10-19 04:12:18
23.40,2025-10-19 05:19:18
22.70,2025-10-19 06:18:18
22.60,2025-10-19 07:01:18
23.00,2025-10-19 08:05:19
24.00,2025-10-19 09:19:19
25.30,2025-10-19 10:18:19
25.70,2025-10-19 11:19:19
27.20,2025-10-19 12:16:19
29.00,2025-10-19 13:17:19
29.60,2025-10-19 14:09:19
29.60,2025-10-19 15:05:19
29.10,2025-10-19 16:01:19
28.10,2025-10-19 17:00:19
27.60,2025-10-19 18:01:20
26.50,2025-10-19 19:01:21
25.70,2025-10-19 20:09:21
24.60,2025-10-19 21:00:21
25.20,2025-10-19 22:00:21
25.00,2025-10-19 23:04:21
24.60,2025-10-20 00:05:22
24.00,2025-10-20 01:17:22
23.10,2025-10-20 02:00:22
23.90,2025-10-20 03:00:22
23.60,2025-10-20 04:16:22
23.30,2025-10-20 05:16:22
22.70,2025-10-20 06:20:22
23.20,2025-10-20 07:00:22
23.20,2025-10-20 08:08:23
23.30,2025-10-20 09:19:23
23.60,2025-10-20 10:18:23
23.50,2025-10-20 11:18:23
25.20,2025-10-20 12:04:23
26.10,2025-10-20 13:19:23
26.50,2025-10-20 14:09:24
26.60,2025-10-20 15:20:25
26.30,2025-10-20 16:11:25
27.30,2025-10-20 17:20:25
27.20,2025-10-20 18:01:25
26.90,2025-10-20 19:00:25
26.80,2025-10-20 20:00:25
26.50,2025-10-20 21:02:25
26.20,2025-10-20 22:00:25
26.00,2025-10-20 23:00:26
25.70,2025-10-21 00:00:26
25.60,2025-10-21 01:05:26
25.30,2025-10-21 02:09:26
25.10,2025-10-21 03:04:26
24.90,2025-10-21 04:00:26
24.90,2025-10-21 05:00:26
24.70,2025-10-21 06:05:26
24.50,2025-10-21 07:11:23
24.50,2025-10-21 08:01:23
24.50,2025-10-21 09:00:24
25.20,2025-10-21 10:19:24
26.40,2025-10-21 11:14:24
27.00,2025-10-21 12:17:24
27.60,2025-10-21 13:17:24
28.20,2025-10-21 14:03:25
28.30,2025-10-21 15:00:25
28.40,2025-10-21 16:00:25
27.90,2025-10-21 17:00:25
27.50,2025-10-21 18:01:25
26.80,2025-10-21 19:00:25
26.60,2025-10-21 20:00:26
26.20,2025-10-21 21:19:26
25.80,2025-10-21 22:00:26
25.60,2025-10-21 23:01:26
25.40,2025-10-22 00:00:26
25.20,2025-10-22 01:00:27
24.90,2025-10-22 02:14:27
24.60,2025-10-22 03:00:27
24.70,2025-10-22 04:02:27
24.80,2025-10-22 05:00:28
24.60,2025-10-22 06:15:28
24.40,2025-10-22 07:04:28
24.40,2025-10-22 08:01:28
24.70,2025-10-22 09:00:29
25.00,2025-10-22 10:10:30
26.30,2025-10-22 11:17:30
27.50,2025-10-22 12:19:30
28.70,2025-10-22 13:15:30
29.60,2025-10-22 14:13:30
29.80,2025-10-22 15:07:59
29.70,2025-10-22 16:10:00
29.30,2025-10-22 17:17:00
29.30,2025-10-22 18:00:00
28.80,2025-10-22 19:03:00
28.30,2025-10-22 20:00:00
27.90,2025-10-22 21:17:01
27.70,2025-10-22 22:00:01
27.5,2025-10-22 23:00:01
27.4,2025-10-23 00:03:01
27.2,2025-10-23 01:08:02
26.9,2025-10-23 02:00:02
26.7,2025-10-23 03:00:02
26.6,2025-10-23 04:00:02
26.6,2025-10-23 05:00:03
26.4,2025-10-23 06:00:03
26.1,2025-10-23 07:06:03
26,2025-10-23 08:00:04
26.6,2025-10-23 09:15:04
28.4,2025-10-23 10:19:04
29.6,2025-10-23 11:12:05
30.9,2025-10-23 12:20:05
32,2025-10-23 13:15:06
32.4,2025-10-23 14:08:06
32,2025-10-23 15:00:06
31.3,2025-10-23 16:00:06
30.3,2025-10-23 17:00:06
30,2025-10-23 18:02:07
29.6,2025-10-23 19:00:07
29.1,2025-10-23 20:00:07
28.7,2025-10-23 21:00:07
28.2,2025-10-23 22:08:08
27.8,2025-10-23 23:00:08
27.8,2025-10-24 00:00:08
27.5,2025-10-24 01:00:09
27.2,2025-10-24 02:02:09
26.8,2025-10-24 03:00:09
26.6,2025-10-24 04:00:09
26.6,2025-10-24 05:00:10
26.3,2025-10-24 06:01:10
26,2025-10-24 07:08:10
25.9,2025-10-24 08:00:11
26.1,2025-10-24 09:00:12
26.7,2025-10-24 10:20:12
27.8,2025-10-24 11:17:12
29,2025-10-24 12:20:12
30.1,2025-10-24 13:20:13
30.5,2025-10-24 14:04:13
30.3,2025-10-24 15:00:13
30,2025-10-24 16:01:13
29.3,2025-10-24 17:02:13
28.4,2025-10-24 18:02:14
27.9,2025-10-24 19:14:14
27.9,2025-10-24 20:00:14
27.6,2025-10-24 21:00:15
27.3,2025-10-24 22:09:15
26.8,2025-10-24 23:00:15
26.6,2025-10-25 00:00:15
26.5,2025-10-25 01:00:16
26.3,2025-10-25 02:13:16
26.1,2025-10-25 03:18:16
25.9,2025-10-25 04:00:17
25.9,2025-10-25 05:00:17
25.8,2025-10-25 06:06:17
25.5,2025-10-25 07:05:17
25.3,2025-10-25 08:00:18
25.3,2025-10-25 09:08:18
25.5,2025-10-25 10:00:18
26.4,2025-10-25 11:19:18
27.4,2025-10-25 12:20:18
29.4,2025-10-25 13:19:19
30.4,2025-10-25 14:01:19
30.5,2025-10-25 15:00:20
30,2025-10-25 16:00:20
29.3,2025-10-25 17:00:20
28.2,2025-10-25 18:00:20
27.4,2025-10-25 19:00:20
26.8,2025-10-25 20:05:21
26.2,2025-10-25 21:00:21
26,2025-10-25 22:00:21
26,2025-10-25 23:00:21
25.8,2025-10-26 00:10:21
25.4,2025-10-26 01:01:22
25.1,2025-10-26 02:00:22
25.1,2025-10-26 03:00:22
24.8,2025-10-26 04:00:22
24.7,2025-10-26 05:15:22
24.5,2025-10-26 06:00:22
24.5,2025-10-26 07:00:23
24.7,2025-10-26 08:04:23
25.1,2025-10-26 09:18:23
26.6,2025-10-26 10:20:24
27.5,2025-10-26 11:04:24
28.7,2025-10-26 12:07:25
29.6,2025-10-26 13:19:25
30.2,2025-10-26 14:00:25
30.3,2025-10-26 15:00:25
29.9,2025-10-26 16:00:25
29.4,2025-10-26 17:00:26
28.5,2025-10-26 18:00:26
27.5,2025-10-26 19:00:26
26.7,2025-10-26 20:01:26
26.4,2025-10-26 21:00:27
26.2,2025-10-26 22:05:27
25.9,2025-10-26 23:19:28
25.4,2025-10-27 00:00:28
25.2,2025-10-27 01:00:28
25.1,2025-10-27 02:00:28
24.9,2025-10-27 03:12:28
24.5,2025-10-27 04:12:29
23.9,2025-10-27 05:00:29
23.8,2025-10-27 06:00:29
23.9,2025-10-27 07:04:29
23.8,2025-10-27 08:18:29
24.1,2025-10-27 09:19:30
24.3,2025-10-27 10:11:30
25.3,2025-10-27 11:12:30
26.7,2025-10-27 12:19:31
27.7,2025-10-27 13:05:31
29.7,2025-10-27 15:48:31
29.7,2025-10-27 16:00:31
29.4,2025-10-27 17:00:32
28.6,2025-10-27 18:00:32
27.4,2025-10-27 19:00:32
26.9,2025-10-27 20:00:33
26.4,2025-10-27 21:00:33
26,2025-10-27 22:01:33
25.6,2025-10-27 23:00:34
25.4,2025-10-28 00:00:34
25.4,2025-10-28 01:00:34
25.1,2025-10-28 02:12:34
24.8,2025-10-28 03:00:35
24.8,2025-10-28 04:02:36
24.7,2025-10-28 05:00:36
24.7,2025-10-28 06:04:36
24.3,2025-10-28 07:13:37
24.3,2025-10-28 08:08:37
24.2,2025-10-28 09:01:37
24.6,2025-10-28 10:00:37
25.3,2025-10-28 11:13:37
25.8,2025-10-28 12:18:38
26.7,2025-10-28 13:13:38
27,2025-10-28 14:12:30
27.3,2025-10-28 15:12:30
27.4,2025-10-28 16:17:30
27,2025-10-28 17:00:30
26.7,2025-10-28 18:05:31
26.2,2025-10-28 19:04:31
25.8,2025-10-28 20:01:31
25.8,2025-10-28 21:07:31
25.8,2025-10-28 22:00:32
25.7,2025-10-28 23:06:32
25.6,2025-10-29 00:00:33
25.6,2025-10-29 01:13:33
25.3,2025-10-29 02:16:33
25.1,2025-10-29 03:00:33
25.1,2025-10-29 04:00:34
25.2,2025-10-29 05:03:34
24.9,2025-10-29 06:18:34
24.7,2025-10-29 07:00:34
24.8,2025-10-29 08:01:35
24.8,2025-10-29 09:00:35
25.9,2025-10-29 10:18:35
27.2,2025-10-29 11:16:36
28.5,2025-10-29 12:20:36
29.6,2025-10-29 13:19:36
30.7,2025-10-29 14:15:51
31,2025-10-29 15:00:52
30.7,2025-10-29 16:08:52
30.1,2025-10-29 17:00:52
29.2,2025-10-29 18:00:52
28,2025-10-29 19:00:52
27.2,2025-10-29 20:00:53
26.7,2025-10-29 21:02:53
26.4,2025-10-29 22:00:53
26.3,2025-10-29 23:00:53
26.1,2025-10-30 00:13:53
25.7,2025-10-30 01:00:54
25.7,2025-10-30 02:00:55
25.6,2025-10-30 03:00:55
25.6,2025-10-30 04:06:55
25.2,2025-10-30 05:19:55
25,2025-10-30 06:00:55
25,2025-10-30 07:00:56
25.1,2025-10-30 08:00:56
25,2025-10-30 09:14:56
25,2025-10-30 10:11:56
26,2025-10-30 11:18:56
27.4,2025-10-30 12:19:57
28,2025-10-30 13:02:57
28.7,2025-10-30 14:16:57
29,2025-10-30 15:14:57
28.9,2025-10-30 16:00:58
28.4,2025-10-30 17:00:58
27.9,2025-10-30 18:00:58
27.2,2025-10-30 19:00:59
26.7,2025-10-30 20:00:59
26.4,2025-10-30 21:00:59
26.3,2025-10-30 22:00:59
26.2,2025-10-30 23:09:59
26,2025-10-31 00:17:00
25.7,2025-10-31 01:00:00
25.7,2025-10-31 02:02:00
25.5,2025-10-31 03:00:00
25.4,2025-10-31 04:15:00
25.2,2025-10-31 05:00:00
25.1,2025-10-31 06:03:01
25,2025-10-31 07:00:02
25.1,2025-10-31 08:14:02
25.1,2025-10-31 09:17:02
25.4,2025-10-31 10:15:02
26.7,2025-10-31 11:20:02
28.4,2025-10-31 12:17:03
29.6,2025-10-31 13:17:03
30.1,2025-10-31 14:20:03
30.6,2025-10-31 15:03:03
30.4,2025-10-31 16:00:03
29.7,2025-10-31 17:00:04
28.9,2025-10-31 18:01:05
28.3,2025-10-31 19:00:05
27.6,2025-10-31 20:00:05
27.2,2025-10-31 21:00:05
26.9,2025-10-31 22:00:06
26.7,2025-10-31 23:20:06
26.4,2025-11-01 00:10:06
26.1,2025-11-01 01:00:06
26.1,2025-11-01 02:00:07
26,2025-11-01 03:06:07
25.6,2025-11-01 04:16:07
25.4,2025-11-01 05:00:08
25.3,2025-11-01 06:00:08
25.2,2025-11-01 07:02:08
25.3,2025-11-01 08:18:09
25.3,2025-11-01 09:00:10
25.7,2025-11-01 10:15:10
26.4,2025-11-01 11:02:10
27.3,2025-11-01 12:18:10
28.7,2025-11-01 13:19:11
29.6,2025-11-01 14:01:12
30.3,2025-11-01 15:16:12
30.4,2025-11-01 16:00:12
29.8,2025-11-01 17:00:13
28.9,2025-11-01 18:00:13
27.6,2025-11-01 19:01:13
26.8,2025-11-01 20:00:13
26.5,2025-11-01 21:00:14
26.2,2025-11-01 22:11:14
26.3,2025-11-01 23:04:14
26,2025-11-02 00:16:15
25.7,2025-11-02 01:01:15
25.5,2025-11-02 02:02:15
25.3,2025-11-02 03:15:16
24.9,2025-11-02 04:05:16
24.7,2025-11-02 05:00:16
24.6,2025-11-02 06:00:16
24.6,2025-11-02 07:08:17
24.4,2025-11-02 08:16:17
24.4,2025-11-02 09:10:17
25.4,2025-11-02 10:18:17
26.6,2025-11-02 11:18:18
27.3,2025-11-02 12:16:18
28.5,2025-11-02 13:14:18
29.3,2025-11-02 14:03:18
29.3,2025-11-02 15:00:18
29.6,2025-11-02 16:00:19
29.6,2025-11-02 17:02:19
28.7,2025-11-02 18:00:19
27.9,2025-11-02 19:00:19
27.2,2025-11-02 20:00:20
26.7,2025-11-02 21:10:20
26.2,2025-11-02 22:19:21
26,2025-11-02 23:00:21
25.8,2025-11-03 00:00:21
25.8,2025-11-03 01:00:22
25.6,2025-11-03 02:16:23
25.3,2025-11-03 03:00:23
25.3,2025-11-03 04:00:23
25.2,2025-11-03 05:00:23
25.2,2025-11-03 06:11:24
24.8,2025-11-03 07:11:25
24.7,2025-11-03 08:04:25
24.9,2025-11-03 09:06:25
25.4,2025-11-03 10:18:26
26.9,2025-11-03 11:16:26
28.4,2025-11-03 12:20:26
29.7,2025-11-03 13:19:26
30.6,2025-11-03 14:10:27
30.7,2025-11-03 15:06:27
30.4,2025-11-03 16:17:27
30.3,2025-11-03 17:00:27
29.4,2025-11-03 18:00:28
28.1,2025-11-03 19:00:28
27.5,2025-11-03 20:00:29
27,2025-11-03 21:00:29
26.8,2025-11-03 22:03:25
26.6,2025-11-03 23:05:25
26.5,2025-11-04 00:00:25
26.5,2025-11-04 01:09:25
26.2,2025-11-04 02:19:26
26,2025-11-04 03:00:26
25.9,2025-11-04 04:00:26
25.9,2025-11-04 05:00:27
25.7,2025-11-04 06:11:27
25.2,2025-11-04 07:00:27
25.4,2025-11-04 08:13:27
25.7,2025-11-04 09:09:27
26.8,2025-11-04 10:15:27
28,2025-11-04 11:18:28
29.6,2025-11-04 12:15:28
30.5,2025-11-04 13:13:28
30.8,2025-11-04 14:00:28
30.9,2025-11-04 15:08:28
30.5,2025-11-04 16:00:29
30.3,2025-11-04 17:00:29
29.6,2025-11-04 18:00:30
28.6,2025-11-04 19:00:30
28,2025-11-04 20:05:30
27.3,2025-11-04 21:00:30
27,2025-11-04 22:07:30
26.7,2025-11-04 23:00:31
26.6,2025-11-05 00:00:31
26.6,2025-11-05 01:13:32
26.1,2025-11-05 02:13:32
25.8,2025-11-05 03:00:32
25.7,2025-11-05 04:00:32
25.7,2025-11-05 05:00:32
25.6,2025-11-05 06:15:33
25.3,2025-11-05 07:00:33
25.3,2025-11-05 08:00:33
25.7,2025-11-05 09:19:34
26.9,2025-11-05 10:18:34
28.7,2025-11-05 11:15:35
30,2025-11-05 12:19:35
31,2025-11-05 13:10:35
31.6,2025-11-05 14:11:35
31.2,2025-11-05 15:00:35
30.6,2025-11-05 16:00:35
29.7,2025-11-05 17:00:36
28.7,2025-11-05 18:00:36
28,2025-11-05 19:00:36
27.7,2025-11-05 20:00:36
27.2,2025-11-05 21:08:37
27,2025-11-05 22:04:37
26.7,2025-11-05 23:00:37
26.6,2025-11-06 00:00:37
26.5,2025-11-06 01:03:38
26.3,2025-11-06 02:19:38
25.9,2025-11-06 03:00:38
25.8,2025-11-06 04:00:38
25.7,2025-11-06 05:00:38
25.5,2025-11-06 06:10:39
25.2,2025-11-06 07:07:39
25.2,2025-11-06 08:00:39
25.4,2025-11-06 09:00:39
25.9,2025-11-06 10:17:39
26.5,2025-11-06 11:18:40
27.1,2025-11-06 12:18:40
28.1,2025-11-06 13:11:40
29.2,2025-11-06 14:14:40
29.7,2025-11-06 15:04:40
29.5,2025-11-06 16:15:41
28.8,2025-11-06 17:00:41
27.9,2025-11-06 18:00:41
27.2,2025-11-06 19:00:42
26.9,2025-11-06 20:00:42
26.7,2025-11-06 21:07:42
26.3,2025-11-06 22:11:42
26.1,2025-11-06 23:00:42
26,2025-11-07 00:00:43
26,2025-11-07 01:00:43
25.9,2025-11-07 02:17:43
25.5,2025-11-07 03:01:43
25.3,2025-11-07 04:00:43
25.3,2025-11-07 05:01:43
25.1,2025-11-07 06:02:44
24.7,2025-11-07 07:01:45
24.9,2025-11-07 08:00:45
24.9,2025-11-07 09:13:45
25.1,2025-11-07 10:00:45
25.7,2025-11-07 11:19:45
27.3,2025-11-07 12:19:45
28.9,2025-11-07 13:18:46
29.7,2025-11-07 14:00:46
29.6,2025-11-07 15:00:46
29.5,2025-11-07 16:16:46
29.1,2025-11-07 17:00:46
28.4,2025-11-07 18:01:47
27.7,2025-11-07 19:00:47
27.2,2025-11-07 20:00:47
26.9,2025-11-07 21:13:47
26.4,2025-11-07 22:00:47
26.5,2025-11-07 23:00:48
26.3,2025-11-08 00:00:48
26.1,2025-11-08 01:00:49
25.9,2025-11-08 02:14:49
25.4,2025-11-08 03:00:49
25.5,2025-11-08 04:00:49
25.4,2025-11-08 05:00:49
25.3,2025-11-08 06:00:50
25.2,2025-11-08 07:18:50
24.8,2025-11-08 08:06:50
25.1,2025-11-08 09:05:50
25.2,2025-11-08 10:00:50
26.6,2025-11-08 11:19:51
28.8,2025-11-08 12:15:51
30.2,2025-11-08 13:17:51
31.1,2025-11-08 14:12:52
31.2,2025-11-08 15:00:52
30.4,2025-11-08 16:00:52
29.9,2025-11-08 17:00:52
28.9,2025-11-08 18:00:52
28.6,2025-11-08 19:00:53
27.6,2025-11-08 20:00:53
27.4,2025-11-08 21:04:53
27.1,2025-11-08 22:00:54
26.7,2025-11-08 23:00:54
26.5,2025-11-09 00:00:54
26.1,2025-11-09 01:05:54
25.6,2025-11-09 02:05:54
25.2,2025-11-09 03:00:54
25.1,2025-11-09 04:00:55
25.1,2025-11-09 05:00:55
25,2025-11-09 06:06:55
24.8,2025-11-09 07:00:55
24.7,2025-11-09 08:00:55
24.9,2025-11-09 09:00:56
25.2,2025-11-09 10:14:57
25.9,2025-11-09 11:17:57
28,2025-11-09 12:19:57
29.6,2025-11-09 13:19:57
30.2,2025-11-09 14:18:57
30.4,2025-11-09 15:00:57
30.2,2025-11-09 16:00:58
29.3,2025-11-09 17:00:58
28.8,2025-11-09 18:00:58
27.9,2025-11-09 19:00:58
27.3,2025-11-09 20:00:58
26.7,2025-11-09 21:00:59
26.3,2025-11-09 22:02:59
26.1,2025-11-09 23:00:59
25.9,2025-11-10 00:06:59
25.7,2025-11-10 01:16:59
25.3,2025-11-10 02:20:00
25.2,2025-11-10 03:00:00
25.1,2025-11-10 04:00:00
24.9,2025-11-10 05:07:00
24.7,2025-11-10 06:20:00
24.5,2025-11-10 07:00:00
24.6,2025-11-10 08:00:01
24.8,2025-11-10 09:11:01
25.8,2025-11-10 10:19:01
27.5,2025-11-10 11:20:01
29.2,2025-11-10 12:17:02
30.4,2025-11-10 13:12:02
31,2025-11-10 14:18:02
30.9,2025-11-10 15:00:03
30.2,2025-11-10 16:00:03
29.4,2025-11-10 17:06:03
29.2,2025-11-10 18:00:03
28.4,2025-11-10 19:00:03
27.8,2025-11-10 20:00:03
27.3,2025-11-10 21:00:04
27.3,2025-11-10 22:00:04
27.2,2025-11-10 23:11:04
26.8,2025-11-11 00:01:04
26.6,2025-11-11 01:01:04
26.4,2025-11-11 02:00:05
26.3,2025-11-11 03:00:05
26.1,2025-11-11 04:00:06
25.9,2025-11-11 05:11:06
25.7,2025-11-11 06:00:06
25.7,2025-11-11 07:02:06
25.7,2025-11-11 08:00:06
26,2025-11-11 09:06:07
26.6,2025-11-11 10:13:07
30.3,2025-11-11 13:18:00
31.4,2025-11-11 14:02:00
31.6,2025-11-11 15:00:00
30.7,2025-11-11 16:00:01
30.6,2025-11-11 17:00:01
30.3,2025-11-11 18:00:01
29.5,2025-11-11 19:01:01
28.7,2025-11-11 20:00:01
28.5,2025-11-11 21:00:02
28.2,2025-11-11 22:00:02
28,2025-11-11 23:00:02
27.6,2025-11-12 00:05:02
27.4,2025-11-12 01:00:02
27.2,2025-11-12 02:00:03
27.1,2025-11-12 03:00:03
26.9,2025-11-12 04:02:03
26.6,2025-11-12 05:15:03
26.4,2025-11-12 06:05:03
26.4,2025-11-12 07:00:03
26.5,2025-11-12 08:05:04
27,2025-11-12 09:02:04
27.5,2025-11-12 10:07:23
28.9,2025-11-12 11:16:23
30.7,2025-11-12 12:17:23
32,2025-11-12 13:19:24
32.2,2025-11-12 14:03:24
32.2,2025-11-12 15:02:24
31.9,2025-11-12 16:05:24
31,2025-11-12 17:00:07
30.4,2025-11-12 18:00:07
30,2025-11-12 19:00:07
29.6,2025-11-12 20:00:08
29.1,2025-11-12 21:00:08
28.9,2025-11-12 22:00:08
28.6,2025-11-12 23:08:08
28.2,2025-11-13 00:00:08
28,2025-11-13 01:00:08
27.9,2025-11-13 02:00:09
27.6,2025-11-13 03:00:09
27.3,2025-11-13 04:05:09
26.9,2025-11-13 05:00:09
26.7,2025-11-13 06:00:09
26.7,2025-11-13 07:06:09
26.7,2025-11-13 08:14:10
27.8,2025-11-13 09:20:11
28.6,2025-11-13 10:17:11
29.6,2025-11-13 11:12:11
30.7,2025-11-13 12:18:11
31.6,2025-11-13 13:19:12
32.3,2025-11-13 14:01:12
32.5,2025-11-13 15:04:12
32.5,2025-11-13 16:00:12
30.9,2025-11-13 17:00:12
29.3,2025-11-13 19:14:50
29.5,2025-11-13 20:00:50
29,2025-11-13 21:09:51
28.6,2025-11-13 22:10:51
28.4,2025-11-13 23:00:51
28.2,2025-11-14 00:00:51
28.2,2025-11-14 01:00:51
27.9,2025-11-14 02:08:51
27.6,2025-11-14 03:13:52
27.4,2025-11-14 04:00:52
27.3,2025-11-14 05:00:52
27.3,2025-11-14 06:00:52
27.2,2025-11-14 07:13:52
26.9,2025-11-14 08:05:52
27.9,2025-11-14 09:18:53
29.2,2025-11-14 10:19:53
30.2,2025-11-14 11:18:54
30.9,2025-11-14 12:08:54
31.9,2025-11-14 13:14:54
32.3,2025-11-14 14:00:54
32.1,2025-11-14 15:00:54
31.8,2025-11-14 16:00:55
31.1,2025-11-14 17:00:55
30.4,2025-11-14 18:00:55
29.8,2025-11-14 19:01:55
29.7,2025-11-14 20:00:55
29.4,2025-11-14 21:05:56
29.4,2025-11-14 22:09:56
29,2025-11-14 23:14:56
28.6,2025-11-15 00:17:56
28.4,2025-11-15 01:00:56
28.4,2025-11-15 02:04:57
28,2025-11-15 03:04:57
27.8,2025-11-15 04:01:57
27.6,2025-11-15 05:00:58
27.6,2025-11-15 06:00:58
27.4,2025-11-15 07:03:58
27.3,2025-11-15 08:09:58
27.8,2025-11-15 09:18:58
29,2025-11-15 10:09:59
29.6,2025-11-15 11:13:59
30.3,2025-11-15 12:00:59
31.3,2025-11-15 13:15:59
33.1,2025-11-15 14:19:59
33.7,2025-11-15 15:00:59
33.7,2025-11-15 16:04:00
33.2,2025-11-15 17:02:01
32.4,2025-11-15 18:00:01
31.2,2025-11-15 19:00:01
30.3,2025-11-15 20:00:01
29.8,2025-11-15 21:00:01
29.4,2025-11-15 22:06:01
29.5,2025-11-15 23:10:02
29.3,2025-11-16 00:00:02
29.1,2025-11-16 01:00:02
29,2025-11-16 02:00:02
28.6,2025-11-16 03:01:02
28.3,2025-11-16 04:12:03
28.1,2025-11-16 05:00:03
28,2025-11-16 06:00:03
27.8,2025-11-16 07:01:03
27.8,2025-11-16 08:19:03
28.3,2025-11-16 09:16:04
29.4,2025-11-16 10:15:04
31.3,2025-11-16 11:20:04
32.8,2025-11-16 12:14:04
34.2,2025-11-16 13:17:04
34.7,2025-11-16 14:02:04
34.9,2025-11-16 15:00:05
34.4,2025-11-16 16:02:05
33.9,2025-11-16 17:00:05
33.1,2025-11-16 18:00:05
31.7,2025-11-16 19:02:06
31.3,2025-11-16 20:00:06
31.2,2025-11-16 21:05:06
30.8,2025-11-16 22:01:07
30.2,2025-11-16 23:00:07
29.7,2025-11-17 00:00:07
29.4,2025-11-17 01:00:07
29.3,2025-11-17 02:00:07
29,2025-11-17 03:00:08
28.7,2025-11-17 04:20:08
28.5,2025-11-17 05:04:08
28.3,2025-11-17 06:00:08
28.2,2025-11-17 07:00:08
28.2,2025-11-17 08:07:09
29.6,2025-11-17 09:20:09
30.9,2025-11-17 10:19:09
32.5,2025-11-17 11:16:09
33.2,2025-11-17 12:20:09
34.3,2025-11-17 13:17:10
34.4,2025-11-17 14:13:10
34.1,2025-11-17 15:03:10
34,2025-11-17 16:00:10
33.2,2025-11-17 17:00:10
32.3,2025-11-17 18:00:10
30.9,2025-11-17 19:00:11
30.6,2025-11-17 20:01:12
30.3,2025-11-17 21:00:12
29.9,2025-11-17 22:00:12
29.6,2025-11-17 23:00:12
29.5,2025-11-18 00:01:12
29.2,2025-11-18 01:05:13
28.8,2025-11-18 02:00:13
28.5,2025-11-18 03:14:13
28.2,2025-11-18 04:00:13
28,2025-11-18 05:00:13
28,2025-11-18 06:00:15
27.8,2025-11-18 07:00:15
27.7,2025-11-18 08:19:15
27.7,2025-11-18 09:20:15
28.4,2025-11-18 10:12:15
29.5,2025-11-18 11:20:15
30.8,2025-11-18 12:18:16
31.6,2025-11-18 13:15:16
32.3,2025-11-18 14:16:16
32.9,2025-11-18 15:05:16
32.7,2025-11-18 16:00:16
32.7,2025-11-18 17:00:16
32.1,2025-11-18 18:01:17
31.2,2025-11-18 19:00:17
30.5,2025-11-18 20:00:17
30,2025-11-18 21:05:17
29.8,2025-11-18 22:00:17
29.6,2025-11-18 23:00:18
29.3,2025-11-19 00:02:18
29,2025-11-19 01:19:18
28.7,2025-11-19 02:02:18
28.5,2025-11-19 03:00:18
28.5,2025-11-19 04:00:19
28.2,2025-11-19 05:02:19
28,2025-11-19 06:12:19
27.7,2025-11-19 07:00:19
27.5,2025-11-19 08:00:20
27.6,2025-11-19 09:00:20
27.8,2025-11-19 10:15:21
29.1,2025-11-19 11:17:21
30,2025-11-19 12:16:21
31.5,2025-11-19 13:16:21
32.1,2025-11-19 14:19:21
32.4,2025-11-19 15:11:21
32.2,2025-11-19 16:00:22
31.6,2025-11-19 17:00:22
31.2,2025-11-19 18:00:23
30.8,2025-11-19 19:01:23
30.2,2025-11-19 20:00:23
30,2025-11-19 21:00:23
29.7,2025-11-19 22:00:24
29.5,2025-11-19 23:06:24
29.2,2025-11-20 00:18:24
29,2025-11-20 01:00:24
28.9,2025-11-20 02:00:24
28.7,2025-11-20 03:00:25
28.6,2025-11-20 04:06:25
28.3,2025-11-20 05:19:25
28.1,2025-11-20 06:00:25
28,2025-11-20 07:00:25
28,2025-11-20 08:03:26
28.1,2025-11-20 09:05:26
28.3,2025-11-20 10:16:27
29.6,2025-11-20 11:18:27
31.7,2025-11-20 12:18:27
32.8,2025-11-20 13:12:27
33,2025-11-20 14:00:27
32.6,2025-11-20 15:00:28
32.4,2025-11-20 16:02:28
31.9,2025-11-20 17:00:28
31,2025-11-20 18:00:28
30.5,2025-11-20 19:00:28
29.9,2025-11-20 20:00:28
29.8,2025-11-20 21:09:29
29.6,2025-11-20 22:00:29
29.3,2025-11-20 23:00:29
28.9,2025-11-21 00:07:30
28.4,2025-11-21 01:00:30
28.2,2025-11-21 02:01:30
27.9,2025-11-21 03:00:30
27.4,2025-11-21 04:00:30
32.1,2025-11-21 12:54:32
32.6,2025-11-21 13:18:32
33.1,2025-11-21 14:04:32
33,2025-11-21 15:00:32
32.5,2025-11-21 16:01:33
31.7,2025-11-21 17:00:33
30.7,2025-11-21 18:00:34
29.8,2025-11-21 19:00:34
29.5,2025-11-21 20:00:34
28.8,2025-11-21 21:00:34
28.5,2025-11-21 22:00:34
28.2,2025-11-21 23:00:35
28,2025-11-22 00:00:35
27.7,2025-11-22 01:00:35
27.6,2025-11-22 02:08:35
27.4,2025-11-22 03:00:35
27.1,2025-11-22 04:00:36
26.9,2025-11-22 05:00:36
26.8,2025-11-22 06:00:36
26.7,2025-11-22 07:00:37
26.6,2025-11-22 08:02:37
26.7,2025-11-22 09:20:37
27.1,2025-11-22 10:12:37
28.8,2025-11-22 11:18:37
31.2,2025-11-22 12:18:38
32.5,2025-11-22 13:12:38
33.6,2025-11-22 14:19:38
33.6,2025-11-22 15:11:38
33.4,2025-11-22 16:00:38
32.6,2025-11-22 17:00:38
31.6,2025-11-22 18:00:39
30.5,2025-11-22 19:00:39
29.5,2025-11-22 20:00:39
29.3,2025-11-22 21:00:39
28.9,2025-11-22 22:00:40
28.5,2025-11-22 23:00:40
28.1,2025-11-23 00:01:40
27.6,2025-11-23 01:00:41
27.5,2025-11-23 02:00:41
27.5,2025-11-23 03:00:41
27.3,2025-11-23 04:00:41
27.1,2025-11-23 05:02:41
27.2,2025-11-23 06:00:51
26.9,2025-11-23 07:00:51
27,2025-11-23 08:09:52
28.3,2025-11-23 09:19:52
29.9,2025-11-23 10:19:52
31.5,2025-11-23 11:18:52
32.9,2025-11-23 12:17:53
33.9,2025-11-23 13:13:53
34.2,2025-11-23 14:00:53
32.9,2025-11-23 16:03:53
32.3,2025-11-23 17:00:54
31.9,2025-11-23 18:02:54
30.6,2025-11-23 19:00:55
29.6,2025-11-23 20:00:55
29.1,2025-11-23 21:01:55
28.8,2025-11-23 22:00:55
28.5,2025-11-23 23:14:55
28.3,2025-11-24 00:16:56
28.1,2025-11-24 01:16:56
27.8,2025-11-24 02:06:56
27.7,2025-11-24 03:07:56
27.5,2025-11-24 04:00:56
27.4,2025-11-24 05:00:56
26.8,2025-11-24 06:00:57
27,2025-11-24 07:15:57
27.1,2025-11-24 08:08:58
27.2,2025-11-24 09:01:58
27.8,2025-11-24 10:09:58
29.1,2025-11-24 11:19:58
30.1,2025-11-24 12:19:59
31.2,2025-11-24 13:17:59
31.6,2025-11-24 14:12:59
31.6,2025-11-24 15:01:59
31.4,2025-11-24 16:00:59
30.4,2025-11-24 17:20:46
30.4,2025-11-24 18:00:46
29.2,2025-11-24 19:14:47
27.8,2025-11-24 20:00:47
27.6,2025-11-24 21:14:47
26.9,2025-11-24 22:00:47
27,2025-11-24 23:01:48
26.9,2025-11-25 00:19:48
26.6,2025-11-25 01:18:48
26.2,2025-11-25 02:15:49
25.7,2025-11-25 03:11:49
25.6,2025-11-25 04:08:50
25.4,2025-11-25 05:08:50
25.3,2025-11-25 06:01:50
25.3,2025-11-25 07:00:50
24.7,2025-11-25 08:00:50
25.9,2025-11-25 09:19:51
27.8,2025-11-25 10:19:51
29.3,2025-11-25 11:18:51
30.9,2025-11-25 12:18:51
31.6,2025-11-25 13:12:51
32.3,2025-11-25 14:20:52
32.9,2025-11-25 15:15:52
32.8,2025-11-25 16:04:52
32.2,2025-11-25 17:00:52
31.5,2025-11-25 18:00:52
30.4,2025-11-25 19:08:53
29.6,2025-11-25 20:03:53
28.9,2025-11-25 21:12:54
28.4,2025-11-25 22:00:54
27.8,2025-11-25 23:00:54
26.5,2025-11-26 00:00:54
26.6,2025-11-26 01:18:54
26.5,2025-11-26 02:19:54
26.2,2025-11-26 03:17:55
26,2025-11-26 04:06:55
25.8,2025-11-26 05:03:55
25.7,2025-11-26 06:00:55
25.4,2025-11-26 07:00:55
26.4,2025-11-26 08:19:56
28.4,2025-11-26 09:18:56
29.9,2025-11-26 10:17:57
31.4,2025-11-26 11:17:57
32.6,2025-11-26 12:17:57
33.6,2025-11-26 13:11:57
33.9,2025-11-26 14:07:57
33.8,2025-11-26 15:01:58
33.4,2025-11-26 16:09:58
33.3,2025-11-26 17:00:58
32.3,2025-11-26 18:04:58
31.2,2025-11-26 19:06:58
30.1,2025-11-26 20:03:58
29.3,2025-11-26 21:00:59
28.7,2025-11-26 22:00:59
28.2,2025-11-26 23:00:59
27.8,2025-11-27 00:00:59
26.7,2025-11-27 01:00:59
26.3,2025-11-27 02:19:00
26.3,2025-11-27 03:17:01
26.3,2025-11-27 04:18:01
26,2025-11-27 05:13:01
26.2,2025-11-27 06:16:01
26,2025-11-27 07:10:01
26.1,2025-11-27 08:07:02
27.2,2025-11-27 09:05:02
28.8,2025-11-27 10:20:02
30.7,2025-11-27 11:19:02
31.6,2025-11-27 12:20:02
33,2025-11-27 13:10:02
33.1,2025-11-27 14:12:23
33.2,2025-11-27 15:00:23
33,2025-11-27 16:00:23
32.7,2025-11-27 17:00:23
31.6,2025-11-27 18:00:23
30.9,2025-11-27 19:00:24
30.1,2025-11-27 20:00:24
29.1,2025-11-27 21:00:24
28.1,2025-11-27 22:00:24
27.9,2025-11-27 23:19:24
27.4,2025-11-28 00:15:24
27.1,2025-11-28 01:14:25
26.8,2025-11-28 02:09:25
26.6,2025-11-28 03:04:26
26.5,2025-11-28 04:08:26
26.3,2025-11-28 05:06:26
26,2025-11-28 06:00:26
25.8,2025-11-28 07:00:26
24.9,2025-11-28 08:00:26
27.1,2025-11-28 09:20:27
28.4,2025-11-28 10:14:27
29.5,2025-11-28 11:19:27
31.1,2025-11-28 12:18:27
32.1,2025-11-28 13:18:27
33.2,2025-11-28 14:12:28
33,2025-11-28 15:03:28
32.6,2025-11-28 16:00:29
32.1,2025-11-28 17:00:29
31.3,2025-11-28 18:02:29
29.1,2025-11-28 19:00:29
27.7,2025-11-28 20:18:30
27.5,2025-11-28 21:18:30
26.9,2025-11-28 22:11:30
27,2025-11-28 23:18:30
27.3,2025-11-29 00:19:30
27,2025-11-29 01:01:30
26.6,2025-11-29 02:00:31
26.2,2025-11-29 03:00:31
24.8,2025-11-29 04:00:31
24.8,2025-11-29 05:20:31
24.5,2025-11-29 06:19:31
24.6,2025-11-29 07:15:32
24.8,2025-11-29 08:20:32
25,2025-11-29 09:18:33
25.9,2025-11-29 10:18:33
26.7,2025-11-29 11:13:33
27.7,2025-11-29 12:03:33
28.8,2025-11-29 13:01:33
29.7,2025-11-29 14:07:34
29.9,2025-11-29 15:09:34
30.3,2025-11-29 16:17:34
30.2,2025-11-29 17:00:34
29.8,2025-11-29 18:07:35
29,2025-11-29 19:01:36
28.1,2025-11-29 20:01:36
27.5,2025-11-29 21:01:36
26.9,2025-11-29 22:00:36
26.6,2025-11-29 23:01:36
26,2025-11-30 00:00:36
25.5,2025-11-30 01:00:37
25.4,2025-11-30 02:16:37
25.1,2025-11-30 03:15:37
24.9,2025-11-30 04:15:37
24.8,2025-11-30 05:06:37
24.6,2025-11-30 06:08:38
24.4,2025-11-30 07:08:38
24.7,2025-11-30 08:01:38
25,2025-11-30 09:02:39
26.3,2025-11-30 10:00:39
28.1,2025-11-30 11:20:39
29.2,2025-11-30 12:19:39
30.3,2025-11-30 13:19:39
31.1,2025-11-30 14:08:39
31.3,2025-11-30 15:06:39
30.9,2025-11-30 16:00:39
30.1,2025-11-30 17:07:39
29.6,2025-11-30 18:08:39
29.2,2025-11-30 19:00:39
27.6,2025-11-30 20:00:39
27.2,2025-11-30 21:18:39
27.3,2025-11-30 22:19:39
26.9,2025-11-30 23:17:39
26.7,2025-12-01 00:15:39
26.4,2025-12-01 01:19:40
26.2,2025-12-01 02:17:40
26,2025-12-01 03:08:40
25.8,2025-12-01 04:12:40
25.5,2025-12-01 05:01:40
25.6,2025-12-01 06:00:40
25.6,2025-12-01 07:00:40
24.9,2025-12-01 08:00:40
26.4,2025-12-01 09:20:40
28.2,2025-12-01 10:20:40
29.8,2025-12-01 11:20:40
31.1,2025-12-01 12:20:40
32.1,2025-12-01 13:15:40
32.1,2025-12-01 14:16:40
32.5,2025-12-01 15:14:41
32.7,2025-12-01 16:00:41
32.4,2025-12-01 17:16:41
31.7,2025-12-01 18:00:41
30.9,2025-12-01 19:00:41
29.7,2025-12-01 20:00:41
28.8,2025-12-01 21:00:41
28.2,2025-12-01 22:00:41
27.8,2025-12-01 23:01:41
27.7,2025-12-02 00:00:41
27.3,2025-12-02 01:00:41
27.1,2025-12-02 02:00:41
26.9,2025-12-02 03:00:41
26.6,2025-12-02 04:00:41
26.4,2025-12-02 05:01:41
26.2,2025-12-02 06:00:42
26.2,2025-12-02 07:00:42
26.3,2025-12-02 08:09:04
27.4,2025-12-02 09:01:04
29.4,2025-12-02 10:19:05
30.9,2025-12-02 11:11:05
32.2,2025-12-02 12:19:05
32.9,2025-12-02 13:03:43
32.6,2025-12-02 14:07:44
32.9,2025-12-02 15:11:44
33.4,2025-12-02 16:04:44
32.9,2025-12-02 17:00:44
32.2,2025-12-02 18:03:44
31.1,2025-12-02 19:00:45
30.2,2025-12-02 20:00:45
28.7,2025-12-02 21:01:45
28.3,2025-12-02 22:01:46
28.1,2025-12-02 23:00:46
27.6,2025-12-03 00:00:46
27.5,2025-12-03 01:11:46
27.4,2025-12-03 02:12:46
27,2025-12-03 03:12:47
26.9,2025-12-03 04:00:47
26.9,2025-12-03 05:06:47
26.9,2025-12-03 06:09:47
26.6,2025-12-03 07:12:47
26.9,2025-12-03 08:19:48
27.6,2025-12-03 09:19:48
29.5,2025-12-03 10:18:48
30.5,2025-12-03 11:19:48
31.2,2025-12-03 12:14:48
31.9,2025-12-03 13:18:49
32.7,2025-12-03 14:11:49
33.3,2025-12-03 15:12:50
32.9,2025-12-03 16:01:50
32.4,2025-12-03 17:03:50
32.1,2025-12-03 18:02:50
31.2,2025-12-03 19:00:50
29.9,2025-12-03 20:00:50
29.5,2025-12-03 21:00:50
29.3,2025-12-03 22:00:50
28.6,2025-12-03 23:05:50
28.4,2025-12-04 00:00:51
28.3,2025-12-04 01:03:51
28.1,2025-12-04 02:00:51
27.6,2025-12-04 03:00:51
27.6,2025-12-04 04:00:51
27.5,2025-12-04 05:04:51
27.4,2025-12-04 06:00:51
26.5,2025-12-04 07:00:52
26.5,2025-12-04 08:00:52
26.8,2025-12-04 09:18:52
28.9,2025-12-04 10:19:52
30.6,2025-12-04 11:14:52
32.1,2025-12-04 12:14:52
32.3,2025-12-04 13:05:52
32.6,2025-12-04 14:03:52
33.1,2025-12-04 15:19:52
33.3,2025-12-04 16:17:53
33.4,2025-12-04 17:04:53
32.9,2025-12-04 18:01:53
32.2,2025-12-04 19:00:53
31,2025-12-04 20:03:53
29.8,2025-12-04 21:02:54
29.3,2025-12-04 22:15:54
28.9,2025-12-04 23:17:55
28.4,2025-12-05 00:09:55
28.1,2025-12-05 01:00:55
28,2025-12-05 02:01:55
27.8,2025-12-05 03:01:56
27.6,2025-12-05 04:00:56
27.5,2025-12-05 05:03:56
27.5,2025-12-05 06:19:57
27.3,2025-12-05 07:17:57
27.3,2025-12-05 08:19:57
29,2025-12-05 09:19:58
29.4,2025-12-05 10:13:58
29.8,2025-12-05 11:19:58
29.6,2025-12-05 12:02:58
29,2025-12-05 13:00:58
28.7,2025-12-05 14:00:59
29.5,2025-12-05 15:01:59
29.6,2025-12-05 16:00:59
29.3,2025-12-05 17:06:59
28.2,2025-12-05 18:00:00
27.7,2025-12-05 19:14:01
28,2025-12-05 20:13:01
28.2,2025-12-05 21:05:01
27.9,2025-12-05 22:07:01
27.8,2025-12-05 23:14:01
27.5,2025-12-06 00:18:02
27.2,2025-12-06 01:16:02
26.6,2025-12-06 02:20:02
26.2,2025-12-06 03:01:02
26.1,2025-12-06 04:19:03
25.9,2025-12-06 05:17:03
26.1,2025-12-06 06:08:04
25.9,2025-12-06 07:03:04
25.7,2025-12-06 08:00:04
25.7,2025-12-06 09:00:04
26,2025-12-06 10:19:04
28.4,2025-12-06 11:07:04
30.2,2025-12-06 12:12:05
31.9,2025-12-06 13:20:05
32.9,2025-12-06 14:06:05
32.9,2025-12-06 15:00:05
32.3,2025-12-06 16:01:05
31.8,2025-12-06 17:01:06
31.3,2025-12-06 18:00:06
30.6,2025-12-06 19:00:06
29.8,2025-12-06 20:01:07
29,2025-12-06 21:03:07
29.3,2025-12-06 22:16:07
29,2025-12-06 23:06:07
28.8,2025-12-07 00:12:08
28.4,2025-12-07 01:19:08
28.2,2025-12-07 02:17:08
27.6,2025-12-07 03:00:08
27.3,2025-12-07 04:19:09
26.7,2025-12-07 05:17:09
26.5,2025-12-07 06:20:10
26.5,2025-12-07 07:00:10
26.5,2025-12-07 08:00:10
28.9,2025-12-07 09:20:10
30.6,2025-12-07 10:19:10
32,2025-12-07 11:19:11
33.3,2025-12-07 12:18:11
34,2025-12-07 13:17:11
34.4,2025-12-07 14:10:11
34.3,2025-12-07 15:09:11
34.6,2025-12-07 16:12:12
34.5,2025-12-07 17:02:12
34.1,2025-12-07 18:01:12
32.4,2025-12-07 19:17:12
31.2,2025-12-07 20:00:12
29.6,2025-12-07 21:00:13
29,2025-12-07 22:00:13
28.7,2025-12-07 23:01:13
28.7,2025-12-08 00:01:14
29.1,2025-12-08 01:00:14
28.7,2025-12-08 02:03:14
28.1,2025-12-08 03:02:14
27.9,2025-12-08 04:07:14
27.8,2025-12-08 05:08:15
27.7,2025-12-08 06:15:15
27.4,2025-12-08 07:16:15
28.7,2025-12-08 08:17:15
29.8,2025-12-08 09:12:15
30.9,2025-12-08 10:14:15
32.2,2025-12-08 11:11:16
32.8,2025-12-08 12:19:17
33.6,2025-12-08 13:13:17
34.1,2025-12-08 14:03:17
34.3,2025-12-08 15:18:17
34.6,2025-12-08 16:00:17
34.3,2025-12-08 17:01:17
33.2,2025-12-08 18:00:18
32.2,2025-12-08 19:01:18
31.3,2025-12-08 20:12:18
30.6,2025-12-08 21:10:18
30.1,2025-12-08 22:12:18
29.7,2025-12-08 23:18:18
28.7,2025-12-09 00:20:18
28.2,2025-12-09 01:20:19
27.7,2025-12-09 02:18:19
27.3,2025-12-09 03:01:19
27.1,2025-12-09 04:00:20
26.9,2025-12-09 05:00:20
26.7,2025-12-09 06:00:21
26.5,2025-12-09 07:00:21
26.4,2025-12-09 08:01:21
27.9,2025-12-09 09:01:21
28.6,2025-12-09 10:00:21
30.8,2025-12-09 11:14:22
31.8,2025-12-09 12:16:22
32.3,2025-12-09 13:08:22
33.4,2025-12-09 14:20:22
34,2025-12-09 15:09:22
34.1,2025-12-09 16:03:22
33.8,2025-12-09 17:10:22
33.2,2025-12-09 18:00:23
32.2,2025-12-09 19:04:23
30.3,2025-12-09 20:11:23
29.7,2025-12-09 21:17:23
29,2025-12-09 22:17:23
28.3,2025-12-09 23:20:24
27.4,2025-12-10 00:00:24
27.1,2025-12-10 01:01:24
27,2025-12-10 02:00:24
26.8,2025-12-10 03:00:25
26.7,2025-12-10 04:00:25
26.5,2025-12-10 05:00:25
26.4,2025-12-10 06:01:25
26.9,2025-12-10 07:01:25
27.4,2025-12-10 08:02:26
29.1,2025-12-10 09:17:26
30.2,2025-12-10 10:12:27
31.1,2025-12-10 11:00:27
32.5,2025-12-10 12:11:58
33.4,2025-12-10 13:18:58
33.8,2025-12-10 14:03:59
34.2,2025-12-10 15:13:59
33.9,2025-12-10 16:03:59
33.2,2025-12-10 17:00:00
32.5,2025-12-10 18:00:00
31.1,2025-12-10 19:00:00
29.9,2025-12-10 20:00:00
29.1,2025-12-10 21:03:00
28.4,2025-12-10 22:00:01
27.9,2025-12-10 23:00:01
27.8,2025-12-11 00:00:01
27.7,2025-12-11 01:00:01
27.8,2025-12-11 02:00:01
28,2025-12-11 03:00:01
28.2,2025-12-11 04:00:02
28.1,2025-12-11 05:01:02
27.4,2025-12-11 06:02:02
27.2,2025-12-11 07:01:02
26.9,2025-12-11 08:01:03
27.2,2025-12-11 09:06:04
26.6,2025-12-11 10:02:04
26.6,2025-12-11 11:02:04
29,2025-12-11 12:07:04
30.3,2025-12-11 13:04:04
30.6,2025-12-11 14:00:04
31.3,2025-12-11 15:20:05
31.7,2025-12-11 16:20:05
31.7,2025-12-11 17:01:05
31.6,2025-12-11 18:05:05
30.6,2025-12-11 19:00:05
30.1,2025-12-11 20:10:06
29.5,2025-12-11 21:17:06
29,2025-12-11 22:19:06
29.2,2025-12-11 23:17:07
29,2025-12-12 00:18:07
28.6,2025-12-12 01:19:07
28.1,2025-12-12 02:20:07
27.7,2025-12-12 03:20:08
26.8,2025-12-12 04:19:08
26.9,2025-12-12 05:19:08
26.7,2025-12-12 06:00:08
26,2025-12-12 07:20:08
26.3,2025-12-12 08:19:09
27.1,2025-12-12 09:20:09
29.3,2025-12-12 10:20:09
34.2,2025-12-12 13:16:09
34.8,2025-12-12 14:04:10
35,2025-12-12 15:12:10
34.3,2025-12-12 16:00:11
34.2,2025-12-12 17:01:11
33.5,2025-12-12 18:02:11
32.2,2025-12-12 19:00:11
30.6,2025-12-12 20:04:12
30,2025-12-12 21:12:12
29.3,2025-12-12 22:15:12
29.4,2025-12-12 23:17:13
29.9,2025-12-13 00:19:13
29.7,2025-12-13 01:20:13
29,2025-12-13 02:18:13
28.7,2025-12-13 03:20:13
27.8,2025-12-13 04:20:13
27.2,2025-12-13 05:20:13
26.7,2025-12-13 06:20:13
26.5,2025-12-13 07:20:57
26.6,2025-12-13 08:18:57
29.4,2025-12-13 09:19:58
30.6,2025-12-13 10:16:58
31.9,2025-12-13 11:15:58
33.2,2025-12-13 12:16:58
34.3,2025-12-13 13:00:58
34.6,2025-12-13 14:13:59
34.5,2025-12-13 15:00:59
34.2,2025-12-13 16:00:59
33.7,2025-12-13 17:09:59
33.2,2025-12-13 18:00:59
32.5,2025-12-13 19:04:59
31.5,2025-12-13 20:10:00
30.5,2025-12-13 21:12:00
30,2025-12-13 22:17:01
29.4,2025-12-13 23:20:01
28.8,2025-12-14 00:20:01
27.7,2025-12-14 01:00:01
27.2,2025-12-14 02:01:01
26.8,2025-12-14 03:00:02
26.5,2025-12-14 04:00:02
26.4,2025-12-14 05:00:02
26.2,2025-12-14 06:00:02
26.2,2025-12-14 07:00:02
27.4,2025-12-14 08:17:03
28.9,2025-12-14 09:00:04
30,2025-12-14 10:20:04
31.4,2025-12-14 11:19:04
32.6,2025-12-14 12:19:04
33.6,2025-12-14 13:18:05
34.1,2025-12-14 14:07:05
34,2025-12-14 15:09:05
34.1,2025-12-14 16:13:05
33.8,2025-12-14 17:00:05
33.2,2025-12-14 18:01:06
32.3,2025-12-14 19:00:06
31.6,2025-12-14 20:00:06
31,2025-12-14 21:00:06
30.6,2025-12-14 22:00:06
30.2,2025-12-14 23:02:07
29.9,2025-12-15 00:04:07
29.6,2025-12-15 01:03:07
29.3,2025-12-15 02:04:07
29,2025-12-15 03:03:07
28.8,2025-12-15 04:08:08
28.7,2025-12-15 05:06:09
28.5,2025-12-15 06:04:09
28.3,2025-12-15 07:04:09